<?xml version="1.0" encoding="UTF-8" standalone="no"?>
<feature id="org.wso2.carbon.identity.oauth.dcr.server" label="Identity OAuth DCR Server Feature" provider-name="%providerName" version="6.2.28">
  <description>This feature contains the core bundles required for Back-end OAuth DCR functionality</description>
  <copyright>%copyright</copyright>
  <license url="%licenseURL">%license</license>
  <plugin id="org.wso2.carbon.identity.oidc.dcr" unpack="false" version="6.2.28"/>
  <plugin id="org.wso2.carbon.identity.oauth.dcr" unpack="false" version="6.2.28"/>
  <require>
    <import feature="org.wso2.carbon.identity.application.mgt.server" match="compatible" version="5.14.67"/>
    <import feature="org.wso2.carbon.identity.core" match="compatible" version="5.14.67"/>
    <import feature="org.wso2.carbon.identity.oauth.common" match="compatible" version="6.2.28"/>
    <import feature="org.wso2.carbon.security.mgt.server" match="compatible" version="5.14.67"/>
    <import feature="org.wso2.carbon.identity.application.authentication.framework.server" match="compatible" version="5.14.67"/>
    <import feature="org.wso2.carbon.idp.mgt.server" match="compatible" version="5.14.67"/>
    <import feature="org.wso2.carbon.core" match="compatible" version="4.5.0"/>
  </require>
</feature>
